{"cameraMode":{"drawMode":0,"name":"Shaded","section":"Shading Mode"},"sceneLighting":false,"audioPlay":false,"sceneViewState":{"m_AlwaysRefresh":false,"showFog":true,"showSkybox":false,"showFlares":true,"showImageEffects":true,"showParticleSystems":true,"showVisualEffectGraphs":true,"m_FxEnabled":true},"in2DMode":false,"pivot":{"x":0.03159761428833008,"y":-0.09468680620193482,"z":0.198039710521698},"rotation":{"x":0.049035295844078067,"y":-0.6711065769195557,"z":0.044566165655851367,"w":0.7384026646614075},"size":2.5591509342193605,"orthographic":false}